Date,Kd490,Zeu_from_Kd490,ZSD,PAR_surf,bbp443
1/1/1998,0.028377,104.0026,38.59034,36.13477,0.000889
1/2/1998,0.027666,105.6465,40.40741,42.07552,0.000979
1/3/1998,0.026256,109.0645,43.62069,48.80776,0.000962
1/4/1998,0.02671,107.941,41.67195,53.62455,0.00143
1/5/1998,0.027097,106.9992,40.52993,55.80958,0.001284
1/6/1998,0.026533,108.376,41.90965,57.86037,0.001142
1/7/1998,0.027342,106.412,40.19946,55.76923,0.001227
1/8/1998,0.026819,107.6745,41.46683,53.52414,0.001343
1/9/1998,0.0256,110.7322,44.40084,50.01313,0.001082
1/10/1998,0.025698,110.4805,44.17504,44.38126,0.00109
1/11/1998,0.026825,107.6597,41.75616,37.61369,0.001057
1/12/1998,0.027946,104.9927,39.23515,33.23486,0.00099
1/1/1999,0.02756,105.8965,40.37165,35.68895,0.000902
1/2/1999,0.026372,108.7762,42.92396,42.07373,0.000936
1/3/1999,0.026141,109.3546,43.45035,47.84191,0.001124
1/4/1999,0.026456,108.5669,42.40556,52.84129,0.001184
1/5/1999,0.026284,108.9957,42.56006,55.23773,0.001105
1/6/1999,0.026158,109.31,42.75383,56.5856,0.00124
1/7/1999,0.026199,109.2087,42.60956,55.40881,0.001278
1/8/1999,0.026206,109.1895,42.70001,54.2755,0.001255
1/9/1999,0.026066,109.5426,43.24743,50.65282,0.001166
1/10/1999,0.026394,108.7219,42.2999,43.7143,0.00119
1/11/1999,0.02769,105.5894,39.30665,35.84298,0.001212
1/12/1999,0.028079,104.685,38.57846,33.64911,0.00104
1/1/2000,0.028177,104.4599,38.53389,34.19802,0.001087
